<?xml version="1.0" encoding="UTF-8"?>
<project-private xmlns="http://www.netbeans.org/ns/project-private/1">
    <editor-bookmarks xmlns="http://www.netbeans.org/ns/editor-bookmarks/2" lastBookmarkId="0"/>
    <open-files xmlns="http://www.netbeans.org/ns/projectui-open-files/2">
        <group>
            <file>file:/C:/Users/Adriana/Desktop/ProyectoGuia8/src/proyectoguia8/ProyectoGuia8.java</file>
            <file>file:/C:/Users/Adriana/Desktop/ProyectoGuia8/src/proyectoguia8/Conexion.java</file>
            <file>file:/C:/Users/Adriana/Desktop/ProyectoGuia8/src/proyectoguia8/MantenimientoEmpleados.java</file>
            <file>file:/C:/Users/Adriana/Desktop/ProyectoGuia8/src/proyectoguia8/MDI_Form.java</file>
            <file>file:/C:/Users/Adriana/Desktop/ProyectoGuia8/src/proyectoguia8/JTable.java</file>
            <file>file:/C:/Users/Adriana/Desktop/ProyectoGuia8/src/proyectoguia8/Logueo.java</file>
            <file>file:/C:/Users/Adriana/Desktop/ProyectoGuia8/src/proyectoguia8/CheckPassword.java</file>
        </group>
    </open-files>
</project-private>
